{
  "LanguageLearning": [
    {
      "title": "Exploring Bilingualism and Its Benefits",
      "image": "images/ll1.jpg",
      "content": "Bilingualism is not just about speaking two languages; it's about opening doors to new cultures, perspectives, and ways of thinking. Beyond the obvious advantage of being able to communicate with a wider range of people, bilingualism has significant cognitive benefits. Research has shown that bilingual individuals often exhibit enhanced executive functions such as better problem-solving skills, improved multitasking abilities, and greater cognitive flexibility. Moreover, bilingualism has been linked to a delayed onset of dementia and other age-related cognitive decline. Embracing bilingualism not only enriches our personal lives but also enhances our cognitive resilience as we age. Furthermore, being bilingual can provide economic advantages by increasing employability in an increasingly globalized job market. Bilingual individuals are often sought after by employers for their ability to navigate diverse linguistic and cultural contexts, making them valuable assets in fields such as international business, diplomacy, and translation. From a societal perspective, bilingualism promotes inclusivity and cultural understanding by bridging language barriers and fostering empathy towards speakers of other languages. In an interconnected world, where diversity is celebrated and collaboration is paramount, bilingualism emerges as a vital skill that empowers individuals to engage with and contribute to a multicultural society."
    },
    {
      "title": "The Challenges of Language Learning Apps",
      "image": "images/ll2.jpg",
      "content": "In recent years, language learning apps like Duolingo, Babbel, and Rosetta Stone have revolutionized the way we learn languages, offering convenience, flexibility, and personalized learning experiences. These apps utilize gamification techniques, spaced repetition algorithms, and interactive exercises to make language learning engaging and accessible to a wide audience. However, despite their popularity and effectiveness in teaching vocabulary and grammar, language learning apps face several challenges. One of the primary criticisms is their lack of depth in cultural nuances and real-life conversational context. While these apps excel in teaching vocabulary and grammar rules, they often fall short in providing learners with authentic language experiences. Cultural nuances, idiomatic expressions, and sociolinguistic variations are integral aspects of language proficiency that are not adequately addressed by these apps. Additionally, language learning apps may foster a passive learning approach, where learners rely heavily on rote memorization rather than active engagement with the language. To overcome these challenges, language learners should supplement app-based learning with real-life interactions, immersion experiences, and cultural immersion programs. By incorporating a variety of learning methods and resources, learners can achieve a deeper understanding of the language and its cultural context, ultimately reaching higher levels of proficiency and fluency."
    }
  ],
  "LearningEnvironment": [
    {
      "title": "Innovative Classroom Designs That Boost Engagement",
      "image": "images/le1.jpg",
      "content": "Traditional classroom designs are undergoing a paradigm shift as educators recognize the importance of creating dynamic learning environments that cater to diverse learning styles and promote student engagement. Innovative classroom designs prioritize flexibility, collaboration, and technology integration to enhance the learning experience and foster creativity, critical thinking, and communication skills. Flexible seating arrangements, such as bean bags, standing desks, and movable furniture, allow students to choose how and where they work best, promoting autonomy and comfort. Collaborative learning spaces, equipped with whiteboards, projectors, and group workstations, facilitate group projects, discussions, and peer-to-peer learning, fostering communication and teamwork skills. Furthermore, technology integration plays a crucial role in modern classrooms by providing access to digital resources, interactive multimedia content, and educational apps that cater to individual learning needs and preferences. Interactive whiteboards, tablets, and virtual reality tools enhance lesson delivery and student engagement, making learning more interactive, immersive, and enjoyable. By embracing innovative classroom designs, educators can create dynamic learning environments that inspire curiosity, creativity, and lifelong learning among students, preparing them for success in the 21st-century workforce and society."
    }
  ],
  "PersonalReflections": [
    {
      "title": "My Journey Through Spanish Fluency",
      "image": "images/pr1.jpg",
      "content": "Learning Spanish has been a transformative journey filled with challenges, triumphs, and profound personal growth. As a non-native speaker, I embarked on this journey with determination and enthusiasm, eager to immerse myself in the richness of the Spanish language and culture. From the outset, I encountered obstacles such as unfamiliar grammar structures, pronunciation difficulties, and cultural nuances that seemed elusive at first. However, with perseverance, patience, and a willingness to embrace the learning process, I gradually made progress and gained confidence in my language abilities. Along the way, I discovered the beauty of Spanish literature, music, and art, which provided valuable insights into the cultural heritage and diversity of Spanish-speaking countries. Every milestone, whether it was mastering verb conjugations, engaging in meaningful conversations with native speakers, or exploring Spanish-speaking regions firsthand, filled me with a sense of accomplishment and joy. Beyond language proficiency, my journey through Spanish fluency has enriched my life in countless ways, opening doors to new friendships, opportunities, and perspectives. It has taught me the importance of resilience, curiosity, and cultural empathy in navigating unfamiliar territories and connecting with people from diverse backgrounds. As I continue my journey towards mastery of the Spanish language, I am reminded of the endless possibilities that language learning offers for personal growth, intercultural communication, and global citizenship."
    }
  ]
}
